"Ano base","UF","Classe Substância Mineral","Substância Mineral","Quantidade (litros) Garrafão","Quantidade (litros) Garrafa Plástica","Quantidade (litros) Garrafa de Vidro","Quantidade (litros) Copo","Quantidade (litros) Outras Embalagens","Valor (R$) Garrafão","Valor (R$) Garrafa Plástica","Valor (R$) Garrafa de Vidro","Valor (R$) Copo","Valor (R$) Outras Embalagens","Quantidade (litros) Composição Produtos Industrializados","Valor (R$) Composição Produtos Industrializados","Unidade de Medida"
"2010","AC","Água","Água","38315345,00","1309740,00",",00",",00",",00","3023041,51","893805,05",",00",",00",",00",",00",",00","l"
"2010","AL","Água","Água","114247245,00","40200141,39",",00","6278109,20",",00","17827642,93","32721765,87",",00","3546006,93",",00",",00",",00","l"
"2010","AM","Água","Água","123936416,00","19768794,20",",00","297157,20","29610990,00","14123668,35","18215888,90",",00","348790,90","8729111,70","32588811,00","13404,47","l"
"2010","AP","Água","Água","9218676,00","1132581,00",",00","1981246,72","32586,00","608503,83","93490,15",",00","129542,90","2172,40",",00",",00","l"
"2010","BA","Água","Água","367148670,00","73497479,32",",00","9850320,00",",00","29279716,74","61025058,46",",00","5329528,41",",00","1086434191,00","24465852,29","l"
"2010","CE","Água","Água","201107722,48","56164705,36",",00","1523257,96","799808,00","27919926,27","53592698,54",",00","1931356,26","257740,80","78185,00","39055,00","l"
"2010","DF","Água","Água","58672428,00","3900725,00",",00","1290919,40","638755,00","8127135,75","3208126,53",",00","1408452,45","281052,20","2,10",",12","l"
"2010","ES","Água","Água","66745716,67","16758796,61","64564,32","247764,80",",00","3786662,78","10635748,13","108119,11","242661,73",",00",",00",",00","l"
"2010","GO","Água","Água","80797293,39","38222324,59",",00","5850920,60","3891171,00","26804397,17","23621309,44",",00","3323700,00","2723819,70",",00",",00","l"
"2010","MA","Água","Água","43095370,00","17778004,46",",00","1655888,00","385015,32","6707311,01","20792095,10",",00","1435540,50","629069,17",",00",",00","l"
"2010","MG","Água","Água","220207274,68","140812220,47","3509814,40","2986418,16","757788,00","19658343,28","126718345,33","5034615,22","3091596,60","370965,88","241904,80","17587,13","l"
"2010","MS","Água","Água","20260747,00","9003356,10",",00","798401,20","174815,00","3043678,23","9275840,33",",00","350747,27","87407,50",",00",",00","l"
"2010","MT","Água","Água","159402669,84","21163290,32",",00","2504238,00",",00","21521849,29","19742243,09",",00","2234500,39",",00",",00",",00","l"
"2010","PA","Água","Água","270897954,96","28291875,94",",00","1169020,00",",00","14684433,78","15382064,12",",00","627364,96",",00",",00",",00","l"
"2010","PB","Água","Água","67762407,00","9330406,00",",00","364628,00",",00","8638177,11","9379864,46",",00","442700,83",",00","9641896,00","36420573,56","l"
"2010","PE","Água","Água","901929156,60","18298231,80","245143,20","429324,10","83490,00","66703015,63","13920200,90","192432,62","352588,00","3733,74","490870000,00","63813,10","l"
"2010","PI","Água","Água","20427760,00","2768478,00",",00","548600,80",",00","1783898,46","2222977,25",",00","571057,28",",00",",00",",00","l"
"2010","PR","Água","Água","157382041,94","37947230,02","1243332,00","6446859,63","300608,07","26702157,81","28280935,23","1310559,58","3463810,12","238814,52","1724439,00","3406889,70","l"
"2010","RJ","Água","Água","349610393,60","81739463,44","566091,00","13461604,40","3947018,00","17786059,28","47432244,36","177646,00","3028518,18","154286,24",",00",",00","l"
"2010","RN","Água","Água","166521503,00","4695186,95",",00","827740,77",",00","7185919,51","5414780,58",",00","632429,89",",00",",00",",00","l"
"2010","RO","Água","Água","101158152,00","9050980,96",",00","890495,80",",00","10379235,84","7140167,02",",00","682219,56",",00",",00",",00","l"
"2010","RR","Água","Água","3306611,00","47968,00",",00",",00","869284,44","883438,05","397571,95",",00",",00","152124,80",",00",",00","l"
"2010","RS","Água","Água","154599773,81","129146424,11","354732,00","3025262,00","7815652,00","32301146,71","118968636,56","382352,24","3649167,44","347363,42",",00",",00","l"
"2010","SC","Água","Água","94522244,36","22145712,64","3048,00","669897,20","2246380,00","14167133,46","13012250,56","1983,92","633621,57","1030787,38",",00",",00","l"
"2010","SE","Água","Água","66678162,54","13904168,13",",00","2041772,55",",00","8501127,64","8819619,66",",00","2066515,35",",00",",00",",00","l"
"2010","SP","Água","Água","596796008,18","476075311,50","7041258,00","26409781,05","3861621,70","62748841,83","416518100,43","8062460,20","25610360,90","4068074,19","858270198,70","15375502,84","l"
"2010","TO","Água","Água","25281660,00","2294146,74",",00","217742,40","27050,00","1876461,14","1813996,55",",00","203162,08","13418,00",",00",",00","l"
"2011","AC","Água","Água","56025347,60","77196,00",",00",",00",",00","3618790,98","68881,84",",00",",00",",00",",00",",00","l"
"2011","AL","Água","Água","167394793,20","39507613,24",",00","5315412,80",",00","22259781,96","31933077,75",",00","2966630,43",",00",",00",",00","l"
"2011","AM","Água","Água","130172794,00","22907274,00",",00","498158,00","30678705,00","17204810,13","25373779,84",",00","587783,85","8455964,10","30500571,00","12545,56","l"
"2011","AP","Água","Água","7026590,00","1544881,20",",00","1084728,40",",00","650846,61","112704,34",",00","69284,32",",00",",00",",00","l"
"2011","BA","Água","Água","475569486,44","72131338,21",",00","8988940,40","31095,00","39770792,60","49321720,38",",00","3320677,91","27807,05","1241966097,32","27382287,60","l"
"2011","CE","Água","Água","247942109,67","61853496,54",",00","2109331,60","1241705,00","32832678,40","51023350,65",",00","2258795,17","565707,11",",00",",00","l"
"2011","DF","Água","Água","60820958,60","4217620,00",",00","851650,20","861493,00","9111563,85","2327032,38",",00","977056,81","470212,42",",00",",00","l"
"2011","ES","Água","Água","63924241,00","12813200,38","92093,00","476634,52",",00","3156197,26","10729400,73","181396,26","492942,70",",00",",00",",00","l"
"2011","GO","Água","Água","102471424,95","30854630,44",",00","1279188,32","6173588,00","23109433,20","14502039,20",",00","1134373,52","4929664,50","56198869,00","104413,14","l"
"2011","MA","Água","Água","52222510,00","14567992,20",",00","1333498,40","86059,92","8099235,73","15294737,22",",00","1678949,28","67104,00","84067561,40","62955,73","l"
"2011","MG","Água","Água","176946583,24","169953874,91","3369101,00","3486401,10","834965,00","16062433,29","139701238,19","6973569,04","3308667,39","610834,97","296413,45","20748,25","l"
"2011","MS","Água","Água","26081670,00","8032430,35",",00","381433,44","224620,00","2964484,53","8975055,77",",00","348279,61","117761,00","9033144,95","4373059,20","l"
"2011","MT","Água","Água","182522629,20","23465160,40",",00","2335858,40",",00","24051690,86","21631949,63",",00","2230249,81",",00",",00",",00","l"
"2011","PA","Água","Água","245205884,00","31353410,52",",00","1342101,80",",00","14761093,73","17131669,25",",00","962178,08",",00","859736000,00","116801,50","l"
"2011","PB","Água","Água","98066645,00","11268992,00",",00","559234,17",",00","9330769,10","10656772,62",",00","557140,26",",00","66362961,00","23147320,35","l"
"2011","PE","Água","Água","971119135,12","13497370,43","299673,60","551172,00",",00","69904529,33","8037885,30","246759,50","419383,39",",00","1174731272,49","149096,93","l"
"2011","PI","Água","Água","21504280,00","2991744,00",",00","509635,00",",00","1937646,39","2327788,07",",00","506595,53",",00",",00",",00","l"
"2011","PR","Água","Água","156739407,00","34119456,68","1160544,00","4674770,40","364651,00","47635239,68","35424081,01","1221215,64","4356127,09","335129,90","62767,69","6276771,16","l"
"2011","RJ","Água","Água","359158676,31","78125650,44","301332,00","4373731,40","23360311,79","18376148,97","49485986,27","87888,50","2268143,54","281965,44","5377155,30","93640,03","l"
"2011","RN","Água","Água","205250855,00","6394835,00",",00","728307,60",",00","11137064,85","4389905,32",",00","942018,54",",00",",00",",00","l"
"2011","RO","Água","Água","122002324,00","10516742,46",",00","871983,60",",00","11563929,52","8838267,08",",00","710693,72",",00",",00",",00","l"
"2011","RR","Água","Água","4200884,00","1624338,68",",00",",00","106873,20","973165,00","369669,81",",00",",00","18702,72",",00",",00","l"
"2011","RS","Água","Água","160707462,25","139456549,25","332148,00","3180641,00","6128190,00","36032831,93","132164277,61","388833,14","3846110,56","253711,00","51780580,40","65500,01","l"
"2011","SC","Água","Água","119902168,33","30689059,95","4223,00","815426,63","2293156,18","20080675,48","18201212,18","5215,66","836384,72","1152911,88",",00",",00","l"
"2011","SE","Água","Água","78570498,26","9877235,48",",00","1384086,00",",00","11082343,17","7442492,48",",00","1176090,77",",00",",00",",00","l"
"2011","SP","Água","Água","664664260,63","471532936,34","6646147,25","28463817,06","2005861,50","71033362,21","403665357,16","6849057,73","25171561,25","1102040,03","484814862,66","16335274,89","l"
"2011","TO","Água","Água","20361705,00","2093667,84",",00","160970,80",",00","1862385,58","1730492,03",",00","137459,06",",00",",00",",00","l"
"2012","AC","Água","Água","58700125,90","4721729,10",",00",",00",",00","3432136,33","946144,32",",00",",00",",00",",00",",00","l"
"2012","AL","Água","Água","148824207,00","50811064,70",",00","4607350,28",",00","22770057,23","37892823,37",",00","3651623,69",",00",",00",",00","l"
"2012","AM","Água","Água","127277181,00","25831142,90",",00","605795,20","29561110,00","15175518,33","20801959,74",",00","579025,62","8737386,75","33918337,00","13951,37","l"
"2012","AP","Água","Água","10166677,22","1583111,40",",00","1196433,00",",00","1218671,59","113349,80",",00","80362,80",",00",",00",",00","l"
"2012","BA","Água","Água","546315438,94","82118961,15",",00","9482160,59","27316,30","45922435,10","60626582,75",",00","5647909,48","27804,00","1151293609,50","32901087,10","l"
"2012","CE","Água","Água","380889595,78","71983466,36","197591,99","1804712,12","1448303,00","41002818,55","60168207,52","163392,00","2334185,33","561221,27",",00",",00","l"
"2012","DF","Água","Água","61617863,42","1858324,00",",00","635441,20","1072209,00","9276511,75","1573796,13",",00","757369,06","558764,06",",00",",00","l"
"2012","ES","Água","Água","70507789,00","9797649,83","137281,80","579142,00","17066503,00","4243023,53","9090382,98","361662,60","553862,64","239774,24",",00",",00","l"
"2012","GO","Água","Água","112916168,86","34740549,01",",00","2152723,26","6895303,20","21508358,75","19907553,76",",00","2307803,98","2881502,92","50543857,10","1206836,74","l"
"2012","MA","Água","Água","66600120,00","15178922,88",",00","1530273,20","119577,60","10536721,65","15259481,46",",00","1896999,86","96226,73","128245594,00","76497,56","l"
"2012","MG","Água","Água","213878294,05","184952764,65","3134619,00","4316762,84","2225780,00","20262481,37","178563598,21","3539785,12","4280367,03","1596241,91","271118,03","19037,30","l"
"2012","MS","Água","Água","31190836,40","10238176,38",",00","641744,56","641683,00","3278266,16","12532498,27",",00","581769,95","299843,34","11851935,50","5768337,02","l"
"2012","MT","Água","Água","204379895,88","26620566,71",",00","2904574,80",",00","29458880,94","25110804,42",",00","2828077,46",",00",",00",",00","l"
"2012","PA","Água","Água","256917170,22","35429192,88",",00","1563644,60",",00","16439362,83","18336101,58",",00","1332158,69",",00","803001000,00","116862,73","l"
"2012","PB","Água","Água","132672780,00","11953548,00",",00","639320,17",",00","11971940,81","10953644,61",",00","396040,26",",00","66362961,00","23147320,35","l"
"2012","PE","Água","Água","901189961,66","20868530,77","300254,40","913373,01",",00","77966684,37","12151871,65","246958,87","556696,31",",00","1109024784,00","146016,27","l"
"2012","PI","Água","Água","22733790,97","4885781,00",",00","1029586,00",",00","2317497,58","3528912,49",",00","948813,79",",00",",00",",00","l"
"2012","PR","Água","Água","166286000,20","37406710,29","1174332,00","4486227,97","252492,00","33854244,09","40023300,12","1311551,98","4506119,26","262591,68","31782172,00","17053182,18","l"
"2012","RJ","Água","Água","470129188,40","70746374,15","206808,00","6100224,28","8747899,00","26300364,83","38547888,50","60319,00","3111901,76","365448,34","7078200,00","50999,15","l"
"2012","RN","Água","Água","258259982,00","10634592,80",",00","1370931,20",",00","12647739,94","8097951,62",",00","1268075,93",",00",",00",",00","l"
"2012","RO","Água","Água","132514100,00","12639767,28",",00","934403,40",",00","12219456,25","11075469,77",",00","955550,22",",00",",00",",00","l"
"2012","RR","Água","Água","3869932,00","2539186,60",",00",",00",",00","978784,00","487877,57",",00",",00",",00",",00",",00","l"
"2012","RS","Água","Água","171697390,80","171711044,01","289908,00","3079156,80","13086,00","37016552,09","175673509,93","501788,56","4224711,15","2181,00","68169763,40","66912,18","l"
"2012","SC","Água","Água","146840342,37","36608096,45","17205,70","1179459,80","2249904,00","24900180,00","24637547,08","22266,98","1203351,61","1196637,53",",00",",00","l"
"2012","SE","Água","Água","140487316,60","15811401,42",",00","3771137,24",",00","18906397,19","14639501,77",",00","3387807,57",",00",",00",",00","l"
"2012","SP","Água","Água","669266411,17","532380070,65","6910918,92","26374961,41","1725695,63","80271391,56","526833190,88","10585747,94","23927983,55","1552271,59","172221135,00","16619377,46","l"
"2012","TO","Água","Água","27463740,00","3131368,00",",00","177484,40",",00","2590251,24","2651693,19",",00","157611,93",",00",",00",",00","l"
"2013","AC","Água","Água","61885893,80","3305409,20",",00",",00",",00","4187132,69","841039,52",",00",",00",",00",",00",",00","l"
"2013","AL","Água","Água","202052488,00","51402849,47",",00","5576394,87","579233,56","21180469,14","40511842,28",",00","2980630,48","2271719,81",",00",",00","l"
"2013","AM","Água","Água","136355440,00","25587754,50",",00","652585,80","33248220,00","12650603,57","24572244,21",",00","424814,69","1624426,59","28577350,00","10207,16","l"
"2013","AP","Água","Água","27422351,00","2726977,88",",00","1890993,20",",00","2427787,66","529144,85",",00","241233,82",",00",",00",",00","l"
"2013","BA","Água","Água","452351967,79","83617080,92",",00","8664323,84",",00","40696486,43","70531656,96",",00","6183750,77",",00","1172823793,22","23613824,08","l"
"2013","CE","Água","Água","339300854,00","62500506,53",",00","1544395,46","1767810,00","48623075,24","65073514,79",",00","2104944,93","795907,55",",00",",00","l"
"2013","DF","Água","Água","80050509,61","5008265,18",",00","1288871,26","335458,06","11856133,54","2677312,21",",00","1105641,21","236334,40","79265978,64","68436039,14","l"
"2013","ES","Água","Água","67208158,00","13041012,76","171811,92","534729,60",",00","3281730,52","8354117,61","214586,42","279395,51",",00",",00",",00","l"
"2013","GO","Água","Água","123620310,22","53440001,20","7772138,00","3706128,40","672902,00","26842849,78","36390905,14","6988977,78","3171661,89","2112312,72","36092131,40","11328286,00","l"
"2013","MA","Água","Água","78206920,00","16179530,32",",00","1461653,00","8549,16","13178418,90","15399830,57",",00","1868923,44","2564,75","130526238,20","68450,61","l"
"2013","MG","Água","Água","197921363,00","174630231,09","400813,33","3731013,72","784363,00","24690742,35","176701113,64","821230,57","4056044,10","344097,68","404247,56","28993,54","l"
"2013","MS","Água","Água","34609351,40","11320806,79",",00","702015,06","535453,20","3962967,98","12706339,28",",00","681572,21","296110,69","12702821,00","12702,82","l"
"2013","MT","Água","Água","200132745,36","29042249,28",",00","2415774,40",",00","30491473,73","28634976,67",",00","2516475,75",",00",",00",",00","l"
"2013","PA","Água","Água","261009247,20","38208936,72",",00","4763543,36",",00","27584376,33","26046998,41",",00","4828538,39",",00","774588000,00","94981,53","l"
"2013","PB","Água","Água","201964900,00","15604540,56",",00","3118489,20",",00","18040596,17","15277524,56",",00","910251,99",",00","79265978,64","28535699,14","l"
"2013","PE","Água","Água","926304621,85","36058702,68","268327,20","3692323,40",",00","83848369,47","22619758,49","240888,27","2775478,26",",00","987175940,00","144620,78","l"
"2013","PI","Água","Água","28122620,00","8047609,00",",00","1193202,00",",00","2857278,62","6930242,26",",00","1512970,78",",00","1736784,00","1860915,08","l"
"2013","PR","Água","Água","141214420,69","32782211,05","951000,00","4162508,30","278728,00","27789131,57","38897801,34","1162664,70","4063176,15","460480,96","47101868,00","6389020,20","l"
"2013","RJ","Água","Água","376051357,52","79370464,44","161988,00","5421862,40","17644080,00","22354725,93","52357226,51","47246,50","3253153,17","179761,52","7290600,50","44150,11","l"
"2013","RN","Água","Água","319103993,00","12913443,80",",00","1206200,20",",00","15859573,46","10930001,68",",00","1203740,84",",00",",00",",00","l"
"2013","RO","Água","Água","143221579,00","12649801,29",",00","1166175,09",",00","14449606,79","12595306,01",",00","1069223,65",",00",",00",",00","l"
"2013","RR","Água","Água","4915690,00","60418,20",",00",",00","2941702,56","908913,96","62086,00",",00",",00","514797,91",",00",",00","l"
"2013","RS","Água","Água","146897723,75","187313470,30","316983,00","3549563,73","44196,00","36850811,42","183273395,25","495900,86","4202741,49","17670,00","206093309,00","69068,11","l"
"2013","SC","Água","Água","149804270,44","39235205,03","25799,00","1513327,90","2321264,00","27082097,64","28758932,22","29763,28","1711718,72","1202255,82","1546000,00","1878519,00","l"
"2013","SE","Água","Água","173055007,00","18350625,34",",00","3758721,64",",00","51375225,28","19023535,46",",00","3926207,72",",00",",00",",00","l"
"2013","SP","Água","Água","704406824,09","640954021,58","6889389,72","28223394,60","5567029,37","96727043,69","534611809,20","13762757,93","24035981,37","3703572,62","194569325,85","20864622,92","l"
"2013","TO","Água","Água","34410100,00","3341666,80",",00","167856,00",",00","2911627,85","2729749,45",",00","143483,52",",00",",00",",00","l"
"2014","AC","Água","Água","60381346,80","3431039,20",",00",",00",",00","4454639,12","680257,79",",00",",00",",00",",00",",00","l"
"2014","AL","Água","Água","239543996,00","53034980,04",",00","4694722,88",",00","23203636,99","49563891,53",",00","5302754,26",",00",",00",",00","l"
"2014","AM","Água","Água","156629424,00","28987826,50",",00","675459,40","9963960,00","14306598,62","25165814,55",",00","993989,06","1431781,23","27917108,00","11482,93","l"
"2014","AP","Água","Água","22919022,00","329516,00",",00","30969,60",",00","2573019,98","1120770,33",",00","46123,48",",00",",00",",00","l"
"2014","BA","Água","Água","559906385,58","95985880,68",",00","8848742,43",",00","46881929,17","76991065,74",",00","5793798,29",",00","1201091869,32","183318,27","l"
"2014","CE","Água","Água","342389189,90","29240427,00",",00","1491522,16","982312,00","52226734,99","26406934,61",",00","2021144,24","442429,50",",00",",00","l"
"2014","DF","Água","Água","61865607,60","2017412,95",",00","632720,11","332283,00","10224420,05","2317430,31",",00","860741,59","186000,90",",00",",00","l"
"2014","ES","Água","Água","76440170,00","12931890,32","182807,00","556197,20",",00","3953237,00","9107395,36","261287,36","332243,53",",00",",00",",00","l"
"2014","GO","Água","Água","131306635,99","55718371,42",",00","2774021,00","8594403,00","28927882,59","45362979,38",",00","2439376,84","7468727,13","67141987,30","34022407,22","l"
"2014","MA","Água","Água","81202218,40","21405028,54",",00","1566250,20","494700,00","12611771,81","22972759,35",",00","1924987,08","378915,00","64648011,20","40483,54","l"
"2014","MG","Água","Água","209852265,52","191985932,12","566401,00","5968107,13","1021834,00","26961106,51","170145022,21","1113371,00","5623351,94","386219,66","726128,34","57976,22","l"
"2014","MS","Água","Água","42468229,60","11628102,19",",00","619704,24","671657,00","5492091,15","11725856,41",",00","623587,31","415216,03","13095795,82","13226,75","l"
"2014","MT","Água","Água","222698275,88","32124469,63",",00","2596294,60",",00","33609865,97","34463459,20",",00","2967082,22",",00",",00",",00","l"
"2014","PA","Água","Água","228946489,76","40020697,80",",00","2529161,88",",00","21230893,45","22150185,78",",00","1670237,36",",00","646389000,00","80877,00","l"
"2014","PB","Água","Água","225859876,00","24073235,96",",00","1064668,53",",00","18887664,10","18175131,08",",00","1787764,52",",00","87957093,00","40693630,34","l"
"2014","PE","Água","Água","846344270,24","15438232,60","262555,20","922421,65","504540,55","75241422,26","12294320,56","224409,25","892161,70","82592,43","769564333,84","159172,46","l"
"2014","PI","Água","Água","27827660,00","9775880,00",",00","745941,00",",00","3292159,93","11500506,85",",00","1032022,01",",00",",00",",00","l"
"2014","PR","Água","Água","136982679,74","40178062,59","771996,00","3935552,80","111261,60","27456813,97","42513843,98","998830,02","3910576,42","455639,38","53636653,80","5095234,06","l"
"2014","RJ","Água","Água","205819433,31","99054097,36",",00","4111166,60","4110800,00","25922884,87","68431114,57",",00","3844561,16","189251,50","7356011,00","40550,77","l"
"2014","RN","Água","Água","321412991,33","8768082,48",",00","1344371,44",",00","18369952,09","12859033,79",",00","1515819,89",",00",",00",",00","l"
"2014","RO","Água","Água","137405687,00","15482143,00",",00","1173228,60",",00","14527714,28","13636151,76",",00","1262308,33",",00",",00",",00","l"
"2014","RR","Água","Água","6608436,91","3533017,48",",00",",00",",00","1694269,57","3764883,45",",00",",00",",00",",00",",00","l"
"2014","RS","Água","Água","150906360,89","223639603,68","230820,00","3502487,69","47227,50","37736103,08","245790175,80","401759,60","5208757,91","16144,50","76043298,10","42912,10","l"
"2014","SC","Água","Água","182812996,00","46503393,78","15504,00","2078385,32","2806108,00","35283968,35","35620018,49","22464,46","2303401,35","1507200,08","1297257,60","1803748,80","l"
"2014","SE","Água","Água","162928150,00","19131522,12",",00","5429804,80",",00","25478624,74","16375235,96",",00","3362521,69",",00","2180159,88","2955521,99","l"
"2014","SP","Água","Água","674590765,81","869260634,47","7359242,80","34490197,40","6805040,03","93731039,49","657376694,73","7512296,11","30492548,98","9077341,94","160532975,00","17812816,05","l"
"2014","TO","Água","Água","31407604,00","2651438,00",",00","193621,20",",00","2363083,51","2153057,49",",00","164865,22",",00",",00",",00","l"
"2015","AC","Água","Água","67989416,00","1139537,00",",00",",00",",00","5005492,81","545524,75",",00",",00",",00",",00",",00","l"
"2015","AL","Água","Água","265317290,80","63627869,09",",00","2864226,80",",00","21963262,91","82030829,92",",00","3689345,32",",00",",00",",00","l"
"2015","AM","Água","Água","189548757,00","36401747,04",",00","1662365,40",",00","17472379,42","29914885,36",",00","1354914,63",",00","27602331,00","11328,74","l"
"2015","AP","Água","Água","62178820,00","15046097,80",",00","66730,00",",00","2063433,21","916535,84",",00","52435,53",",00",",00",",00","l"
"2015","BA","Água","Água","703177758,00","112005793,34",",00","9991716,00",",00","63700412,75","96451619,63",",00","7899073,79",",00","1299768661,50","62787040,03","l"
"2015","CE","Água","Água","413544603,20","40719773,08",",00","1338270,42",",00","62223330,49","44239973,73",",00","2429646,43",",00","13193168,00","4590823,59","l"
"2015","DF","Água","Água","54294076,29","18264375,62",",00","852608,92",",00","11143901,53","5246789,90",",00","750126,02",",00",",00",",00","l"
"2015","ES","Água","Água","96741035,00","16101191,28","197905,00","491739,00",",00","6535209,33","13306841,10","462559,81","429674,50",",00",",00",",00","l"
"2015","GO","Água","Água","134192416,00","53264903,50",",00","1859958,00","4103885,00","28924754,57","54526061,13",",00","1832831,52","4107849,52","19852610,30","75427,35","l"
"2015","MA","Água","Água","75564400,00","15405052,82",",00","720661,80","759366,00","10054495,36","18653761,97",",00","1053740,87","547488,68","17892282,70","37082,49","l"
"2015","MG","Água","Água","231104159,72","167954960,89","549648,20","6476807,72","2831912,00","30157635,75","153590522,84","677217,83","6308976,76","1005053,60","651036,20","65735,59","l"
"2015","MS","Água","Água","36805100,00","7076625,06",",00","677871,13","680619,64","5373492,33","7677875,73",",00","616196,24","412945,99","9262165,16","9262,18","l"
"2015","MT","Água","Água","232690362,04","34176484,42",",00","2418560,08",",00","96945947,09","33098906,68",",00","2617837,28",",00","28977,39","899036,91","l"
"2015","PA","Água","Água","191521764,62","35308349,22",",00","1582226,80",",00","18951628,85","21374869,50",",00","895153,35",",00","610856000,00","202945,36","l"
"2015","PB","Água","Água","243609443,20","50806192,26",",00","1776600,49","471,00","20282495,27","36497609,53",",00","2278857,69","367,00","64174461,00","49393597,69","l"
"2015","PE","Água","Água","742071808,69","21365348,53","269990,40","5963247,45","2645292,00","78617979,60","19449692,86","237488,87","4679402,26","975396,00","578780563,50","826923,30","l"
"2015","PI","Água","Água","30426920,00","5154349,70",",00","564439,20",",00","3860138,67","4610155,33",",00","839272,13",",00",",00",",00","l"
"2015","PR","Água","Água","137494611,77","54105551,86","770004,00","5236428,04","25225,20","29378386,83","57480609,50","1055200,21","5421150,47","39424,98","55410225,00","4241871,61","l"
"2015","RJ","Água","Água","203931867,77","111887714,00",",00","3351363,40","6983900,00","26901124,62","120452355,75",",00","3474098,33","183356,50","7112433,00","35599,63","l"
"2015","RN","Água","Água","410883419,00","24182667,10",",00","1462761,60",",00","22378730,41","23279561,46",",00","1462117,28",",00",",00",",00","l"
"2015","RO","Água","Água","155416530,60","16196705,35",",00","1088620,76",",00","17939224,61","15848013,23",",00","1149329,48",",00",",00",",00","l"
"2015","RR","Água","Água","7383880,00","3227148,44",",00","27550,08",",00","2187724,76","3838637,90",",00","70043,00",",00",",00",",00","l"
"2015","RS","Água","Água","168660093,88","213330184,77","215100,01","3534201,78","50334,00","40699420,67","235043820,29","287482,36","4991931,44","52025,43","67954096,50","102004,17","l"
"2015","SC","Água","Água","189491329,00","46325208,98","31621,00","1665431,33","2556148,00","37734902,17","36980995,79","44747,24","2027004,82","1420198,62","932580,00","852470,00","l"
"2015","SE","Água","Água","163000700,00","16079325,73",",00","3195492,20",",00","26397109,82","15719662,66",",00","2640178,00",",00",",00",",00","l"
"2015","SP","Água","Água","875437050,30","929571483,58","7324770,28","37224934,92","26916300,83","121327277,60","704734026,82","9916937,43","32439041,56","20658571,57","121218218,80","23118147,96","l"
"2015","TO","Água","Água","31227756,21","3169340,93",",00","104511,39","717,00","2605165,57","2733565,79",",00","90090,28","2054,72",",00",",00","l"
"2016","AC","Água","Água","46003802,00","978445,00",",00",",00",",00","3260827,42","625447,90",",00",",00",",00",",00",",00","l"
"2016","AL","Água","Água","282637274,40","84213620,00",",00","1779157,00",",00","24078648,24","101551431,93",",00","2491290,25",",00",",00",",00","l"
"2016","AM","Água","Água","192247732,00","34293612,98",",00","1388689,00",",00","14092009,39","28801220,59",",00","1266539,63",",00","27602331,00","11328,74","l"
"2016","AP","Água","Água","69232388,00","15297226,00",",00","42230,40",",00","2729372,90","1259288,93",",00","57931,31",",00",",00",",00","l"
"2016","BA","Água","Água","602046191,15","136325280,80",",00","9192480,40","168772,00","63256970,00","101431011,02",",00","7379714,04","136785,06","706942178,06","87403728,37","l"
"2016","CE","Água","Água","543553015,03","65616347,12",",00","1439313,70",",00","82200274,85","69912126,98",",00","2628765,57",",00","54072513,23","62448404,26","l"
"2016","DF","Água","Água","59211337,26","10153181,28",",00","487761,82",",00","10938891,65","7036791,88",",00","713764,09",",00",",00",",00","l"
"2016","ES","Água","Água","78917664,33","12591885,41","196655,00","475881,80","180,00","6142686,09","12107675,11","673765,36","538252,55","42,00",",00",",00","l"
"2016","GO","Água","Água","119368528,46","51917531,42",",00","1613905,80","7998347,50","23946568,66","35352189,51",",00","2086500,44","2031492,80","25430570,38","186767,94","l"
"2016","MA","Água","Água","97279060,00","13754217,40",",00","721431,00","811872,00","11162523,30","26359288,94",",00","1076926,28","572770,38","85891616,60","66529,85","l"
"2016","MG","Água","Água","224901341,50","174950172,79","399720,60","6742307,47","3659913,04","30356679,79","161486437,70","339252,72","5616409,56","1839130,76","572918,82","57294,55","l"
"2016","MS","Água","Água","31773281,00","7754616,92",",00","519273,10","856407,00","5095304,83","8929519,93",",00","528513,44","561732,04","9805862,40","9805,87","l"
"2016","MT","Água","Água","952838284,40","26779386,27",",00","2102867,60","4022509,00","55139910,74","29266229,58",",00","2743050,87","6777112,72",",00",",00","l"
"2016","PA","Água","Água","198194225,19","38122314,77",",00","1973075,60","944803,56","22036213,13","24871640,63",",00","2077345,23",",00","242183000,00","151821,53","l"
"2016","PB","Água","Água","261140654,00","47475927,24",",00","845548,20",",00","23563049,71","28333935,78",",00","1687178,58",",00","110695961,26","99052216,94","l"
"2016","PE","Água","Água","632249866,72","28124844,04","267420,00","966755,84","2487751,00","63292623,36","28618817,52","235385,29","1282731,28","1024943,43","356696132,10","212824,43","l"
"2016","PI","Água","Água","21945542,00","379042,00",",00","2119,00",",00","2510166,11","350856,84",",00","27481,37",",00",",00",",00","l"
"2016","PR","Água","Água","123511430,86","52648315,35","860400,00","25242662,42",",00","28164788,06","60828617,76","1059671,66","5915586,59",",00","53356250,00","3836209,69","l"
"2016","RJ","Água","Água","164818556,16","110906181,27",",00","3142628,32","323854,00","24249033,62","89838926,07",",00","4929857,16","152702,62","5491375,50","31159,38","l"
"2016","RN","Água","Água","383838755,00","40051598,00",",00","2223845,80",",00","20898677,12","27306455,29",",00","923811,92",",00",",00",",00","l"
"2016","RO","Água","Água","125053710,40","14128789,00",",00","1122374,00",",00","15749770,39","13311475,67",",00","1182333,71",",00",",00",",00","l"
"2016","RR","Água","Água","5292640,00","2794741,64",",00","27550,08",",00","1653488,72","3662767,82",",00","70043,00",",00",",00",",00","l"
"2016","RS","Água","Água","164216633,23","227282265,58","124860,03","3631292,00","227255,00","41072418,82","259391280,91","142660,00","5102299,28","65175,68","96572655,00","59834,53","l"
"2016","SC","Água","Água","193779279,22","52129373,92","39948,00","1843387,19","2112688,00","38602105,82","40953153,00","50280,34","2217351,90","1226661,30","1153840,72","1855327,38","l"
"2016","SE","Água","Água","162673010,00","46050342,41",",00","1329146,20",",00","27107370,87","14588608,55",",00","2881028,42",",00",",00",",00","l"
"2016","SP","Água","Água","796951126,67","899694306,67","5960290,00","36358962,65","28175372,21","115957564,34","913173441,49","14133666,81","42824916,33","40175988,98","200228316,00","35265854,39","l"
"2016","TO","Água","Água","38106540,00","3729282,92",",00","325574,40",",00","2880978,64","3127736,30",",00","283981,15",",00",",00",",00","l"
"2017","AC","Água","Água","39728693,20","804094,00",",00",",00",",00","3201784,42","517906,95",",00",",00",",00",",00",",00","l"
"2017","AL","Água","Água","303809562,16","86903631,66",",00","14474821,16",",00","19830295,70","95267127,22",",00","1527703,57",",00",",00",",00","l"
"2017","AM","Água","Água","188754400,94","31763608,48",",00","1301004,20",",00","21773485,25","31314497,52",",00","1604018,61",",00","35891553,00","2519576,19","l"
"2017","AP","Água","Água","46203480,00","2541813,40",",00","42030,80",",00","2650654,52","3659623,59",",00","66466,08",",00",",00",",00","l"
"2017","BA","Água","Água","624053787,86","130729147,27",",00","8600433,60","216640,00","54093346,50","92247249,75",",00","6498849,75","172950,27","622644322,98","76272258,85","l"
"2017","CE","Água","Água","488678520,76","59794651,22",",00","1402015,40","140052,00","75406492,47","58744651,85",",00","2410317,31","96635,88","55603286,00","69712929,15","l"
"2017","DF","Água","Água","55812487,72","3793127,71",",00","412848,89","66723,00","8731902,73","3028148,38",",00","579439,56","61190,00",",00",",00","l"
"2017","ES","Água","Água","60657972,89","15781435,64","169075,00","453045,12","361,50","6046361,14","16648777,98","668697,38","593670,54","1414,05",",00",",00","l"
"2017","GO","Água","Água","197454733,42","66471108,60",",00","1695755,20","11540360,00","39307368,53","51346256,39",",00","2180370,49","60204,56","53395988,40","618240,55","l"
"2017","MA","Água","Água","207426790,00","18840346,36",",00","794822,40","10085,00","22045637,65","22375963,98",",00","1108448,86","8267,37","73499557,40","185535,92","l"
"2017","MG","Água","Água","235679223,27","187442202,13","494487,05","5140655,66","3562458,00","37704979,98","165790418,99","594023,50","4809010,27","1855559,54","458138,55","67871,19","l"
"2017","MS","Água","Água","31524368,00","8378655,04",",00","370597,20","790135,00","5081958,75","10529229,24",",00","547990,65","636907,05","10310677,37","10310,67","l"
"2017","MT","Água","Água","261129421,37","34656674,25",",00","2156954,83",",00","44573847,97","39107002,22",",00","2804505,26",",00",",00",",00","l"
"2017","PA","Água","Água","183034926,24","30176864,77",",00","1839873,76",",00","21430362,19","21516177,27",",00","1331470,67",",00","317194513,23","62831117,94","l"
"2017","PB","Água","Água","259758374,00","52657644,20",",00","1367552,60",",00","28402797,82","29135975,45",",00","1570981,11",",00","95485518,00","60296959,70","l"
"2017","PE","Água","Água","746762267,41","38375851,17","254944,80","1552166,17",",00","67464718,55","38266941,60","221728,52","1638402,73",",00","330336871,80","470846,00","l"
"2017","PI","Água","Água","29572425,00","4157951,24",",00","260084,93",",00","3778055,43","3793454,35",",00","467207,39",",00",",00",",00","l"
"2017","PR","Água","Água","136961930,83","56223855,81","651288,00","4506033,04",",00","34119169,74","68489906,74","1023510,05","5985381,14",",00","53141938,45","3918304,74","l"
"2017","RJ","Água","Água","292427464,84","72306263,48",",00","3506019,00","31598,00","41870057,90","83140827,17",",00","6038841,54","40172,76",",00",",00","l"
"2017","RN","Água","Água","493434673,25","36814563,40",",00","2512804,60",",00","33789634,92","21383888,13",",00","1786902,79",",00","27049340,00","1764825,75","l"
"2017","RO","Água","Água","114174307,78","11962871,39",",00","1245366,05",",00","14559303,07","11322196,38",",00","1373529,44",",00",",00",",00","l"
"2017","RR","Água","Água","4646900,00","2602669,59",",00","17779,20",",00","1473263,61","3547627,45",",00","42488,64",",00",",00",",00","l"
"2017","RS","Água","Água","133553143,11","195488868,71",",00","3419418,00","263085,00","45560865,75","228815211,82",",00","4806496,62","146858,83","135154785,00","744271,31","l"
"2017","SC","Água","Água","187920701,29","58835675,84","73668,00","1998166,82","2381220,00","37574228,99","53748550,72","89444,98","2615494,70","1159509,32","63473,00","183641,97","l"
"2017","SE","Água","Água","176662850,00","21324474,10",",00","2297684,40","335890,00","58123333,46","16386498,59",",00","2272788,11","67178,00",",00",",00","l"
"2017","SP","Água","Água","800667435,77","908179967,32","6675704,12","35728680,28","3758540,99","142977962,53","755854742,49","18912048,92","34236359,95","6327741,24","215107689,61","48588390,82","l"
"2017","TO","Água","Água","37408820,00","4063297,58",",00","215193,60",",00","2919888,89","3469961,78",",00","194608,83",",00",",00",",00","l"
"2018","AC","Água","Água","50197484,00","1087862,00",",00",",00",",00","4615003,57","1012020,67",",00",",00",",00",",00",",00","l"
"2018","AL","Água","Água","300412773,62","96732511,00",",00","1273743,40",",00","17595171,02","125535145,20",",00","1341950,58",",00","838739,30","838739,30","l"
"2018","AM","Água","Água","209921816,00","33451780,36",",00","1247225,40",",00","25120807,42","34787256,95",",00","1672751,33",",00","31888770,00","2731552,55","l"
"2018","AP","Água","Água","27151172,40","1723568,54",",00","28680,00",",00","3264599,45","2692391,31",",00","45786,39",",00",",00",",00","l"
"2018","BA","Água","Água","753880088,00","183969434,38",",00","12850153,82","553160,83","61156268,36","145263344,46",",00","6928284,85","413395,70","96153444,64","73013534,34","l"
"2018","CE","Água","Água","531773236,00","61484478,82",",00","1315676,87",",00","87148910,12","56082191,62",",00","2202163,14",",00","64298711,13","74175031,54","l"
"2018","DF","Água","Água","49734934,92","2509259,25","165,00","3648140,23","18690,00","7705399,47","2396614,15","202,50","186288,86","700,00",",00",",00","l"
"2018","ES","Água","Água","66300038,30","18895477,32","164601,00","738501,70",",00","8086586,36","22553520,83","844990,72","1115041,97",",00",",00",",00","l"
"2018","GO","Água","Água","183202394,50","79337977,94",",00","1156986,10","21139015,00","38184806,86","59324619,77",",00","1853062,83","4625249,84","33054003,80","2010989,37","l"
"2018","MA","Água","Água","241415939,41","21600872,64",",00","705071,20","43270,00","21932370,41","24817113,39",",00","1013685,23","350232,00","66656662,20","2708702,54","l"
"2018","MG","Água","Água","301466900,76","177246443,81","358435,00","3848012,72","4547323,00","43712816,32","144937685,95","553397,68","5461691,56","1840120,64","612190,06","88772,81","l"
"2018","MS","Água","Água","31671042,29","7715258,20",",00","362169,60","905170,00","5800537,85","11001592,49",",00","534446,81","766015,18","14514324,87","461473,35","l"
"2018","MT","Água","Água","239951582,91","39650713,29",",00","2551749,76",",00","41029298,07","47838582,87",",00","4499511,71",",00","12869976,20","3248158,98","l"
"2018","PA","Água","Água","209306905,17","26969948,55",",00","2030848,10",",00","23082717,25","20721434,34",",00","1656262,53",",00","294078000,00","1609374,24","l"
"2018","PB","Água","Água","226377659,26","46114415,38",",00","1848233,40",",00","17929612,69","26770544,28",",00","1988131,19",",00","111834726,00","80839724,89","l"
"2018","PE","Água","Água","746379964,06","54801602,12","166670,40","1740485,08",",00","68303946,06","47279136,72","147385,42","1685142,98",",00","387113284,00","1396749,28","l"
"2018","PI","Água","Água","25985437,00","651839,24",",00","2267,33",",00","3062554,90","691711,26",",00","29405,07",",00",",00",",00","l"
"2018","PR","Água","Água","144287247,94","73265460,63","508800,00","4275627,62",",00","30860851,95","91529291,30","819144,47","6132462,27",",00","55331627,25","3793944,54","l"
"2018","RJ","Água","Água","328790725,08","117834447,88",",00","4943793,62","484934,44","40577870,22","163133832,62",",00","7622557,71","744000,27","1014354,00","86638,56","l"
"2018","RN","Água","Água","470832848,75","34362978,40",",00","1933179,00",",00","37699425,46","24237174,66",",00","1623598,59",",00",",00",",00","l"
"2018","RO","Água","Água","115036868,88","14888429,18",",00","1111285,60","2755,00","14688683,63","14501432,95",",00","849708,99","1653,00","401052,08","146359,26","l"
"2018","RR","Água","Água","3901860,00","2959069,89",",00","21653,04",",00","1215285,80","4168569,71",",00","52513,73",",00",",00",",00","l"
"2018","RS","Água","Água","132521830,85","186751040,58",",00","3202773,40","591115,00","42168910,89","223932839,83",",00","5253903,85","202228,15","27890115,20","1226186,41","l"
"2018","SC","Água","Água","184141193,72","73467012,31","99390,00","2273844,39",",00","36986943,33","68266206,34","131147,44","3127845,73",",00","4734758,40","1784230,61","l"
"2018","SE","Água","Água","181380732,58","15876879,94",",00","1952270,00","2358000,00","32281943,85","17579385,77",",00","3029681,69","471600,00",",00",",00","l"
"2018","SP","Água","Água","771737252,63","926021183,07","7254472,36","27264419,27","5661892,38","161716858,51","974695586,83","22243412,94","30943791,49","7544867,77","207526425,97","66214864,21","l"
"2018","TO","Água","Água","26270140,00","1590991,00",",00","339705,60",",00","2072673,30","1488182,28",",00","399225,94",",00",",00",",00","l"
"2019","AC","Água","Água","45996725,20","1191349,00",",00",",00",",00","4676996,41","1009859,04",",00",",00",",00",",00",",00","l"
"2019","AL","Água","Água","225349136,39","103121937,16",",00","597639,00",",00","19582601,18","144847063,69",",00","790549,30",",00",",00",",00","l"
"2019","AM","Água","Água","238613276,00","38971812,72",",00","1402442,20",",00","33017245,76","43671555,86",",00","1766456,75",",00","38793421,00","3326711,48","l"
"2019","AP","Água","Água","40948294,08","1339589,39",",00","32169,60",",00","3017003,28","2128002,69",",00","54924,12",",00",",00",",00","l"
"2019","BA","Água","Água","871301071,86","150974215,76",",00","7873093,74","2342020,00","53588085,66","118904094,71",",00","6432166,21","87703,29","16610658,01","54566914,12","l"
"2019","CE","Água","Água","565855449,20","64330692,67",",00","26765637,47","102948,00","92310187,87","58149632,64",",00","2165020,27","52537,36","64367427,13","74212787,54","l"
"2019","DF","Água","Água","67887929,32","8345724,10",",00","545502,72","29837,00","16830381,30","6796847,13",",00","682564,31","20363,77","643478,00","726448,55","l"
"2019","ES","Água","Água","62973757,41","19306840,65","139654,00","803510,91","4788,00","7863178,95","23129551,85","719817,09","1290154,76","3634,48",",00",",00","l"
"2019","GO","Água","Água","185377646,00","79429957,50",",00","1770956,20",",00","39931332,04","105310781,30",",00","2747742,80",",00","33436148,75","2873683,66","l"
"2019","MA","Água","Água","216825192,00","21816026,76",",00","813609,60","296,00","21019880,98","25235664,69",",00","1276067,64","2761,00","66656662,00","2708702,50","l"
"2019","MG","Água","Água","328058126,20","205769883,98","443696,00","4221517,02","5133095,00","47624093,57","156589983,92","453054,20","5699118,19","2336501,91","2740524,99","87489,71","l"
"2019","MS","Água","Água","33070400,00","9424288,42",",00","415095,20","993455,00","6195618,50","13145974,30",",00","649440,17","827109,65","16494765,90","710985,53","l"
"2019","MT","Água","Água","336196990,81","54522274,58",",00","3970635,06",",00","48324306,27","57058313,95",",00","3845234,95",",00","7568481,60","988303,60","l"
"2019","PA","Água","Água","196864457,75","27813736,45",",00","2583805,60",",00","23339339,17","17932340,82",",00","1278313,88",",00","637987677,98","61870624,47","l"
"2019","PB","Água","Água","228851065,00","93184727,80",",00","4373747,00",",00","15410876,74","45682629,17",",00","4884884,25",",00","124866150,00","72712103,62","l"
"2019","PE","Água","Água","1208880281,80","78239048,98","117936,00","1761144,18",",00","117721055,01","64535143,99","104952,00","1343573,80",",00","405719364,00","3582931,28","l"
"2019","PI","Água","Água","24988225,20","767762,00",",00",",00",",00","3081316,63","720628,00",",00",",00",",00",",00",",00","l"
"2019","PR","Água","Água","143843547,83","75452928,79","2784,00","5306361,40",",00","32291171,31","79800913,83","5905,52","6048030,54",",00","40015506,31","3692765,65","l"
"2019","RJ","Água","Água","305304492,00","117308419,11",",00","4983180,80","6957,00","34043736,08","166818170,33",",00","8530102,35","4633,60",",00",",00","l"
"2019","RN","Água","Água","478222442,96","10294668,10","259256,00","1641152,40",",00","42163503,13","22296502,35","158790,40","2185696,74",",00",",00",",00","l"
"2019","RO","Água","Água","140533957,30","16409990,00",",00","871232,92","2025092,00","19450769,03","18749491,82",",00","1136162,53","1025638,70","393513,03","136391,78","l"
"2019","RR","Água","Água","4335428,00","2967869,84",",00","43476,72",",00","1311586,92","4170553,23",",00","79186,60",",00",",00",",00","l"
"2019","RS","Água","Água","117689115,12","201034167,45",",00","3201829,69","388431,00","35136615,30","257707166,67",",00","5023831,04","70988,48","144,00","300,00","l"
"2019","SC","Água","Água","221866628,26","80369226,50","145770,00","2286672,25","574516,00","45718664,34","80160933,54","176933,08","3165920,26","214825,00","4917081,75","2365944,46","l"
"2019","SE","Água","Água","225162325,00","15891820,04",",00","2492035,20",",00","31412319,00","15013801,38",",00","2958039,62",",00","3303213,91","4696377,99","l"
"2019","SP","Água","Água","788296486,72","932299343,22","8822455,24","24642568,62","12658133,27","159143155,64","1063107274,95","28825298,23","36821097,94","9011430,00","72424330,86","65965197,31","l"
"2019","TO","Água","Água","27488153,20","2977682,40",",00","326928,00",",00","3456398,84","2571070,16",",00","364406,77",",00",",00",",00","l"
"2020","AC","Água","Água","29513968,50","1123419,90",",00","7152,00",",00","3586111,92","887030,70",",00","8195,00",",00",",00",",00","l"
"2020","AL","Água","Água","176133937,20","88574232,84",",00","469224,20",",00","12002464,70","125715910,39",",00","409458,22",",00",",00",",00","l"
"2020","AM","Água","Água","253259034,70","36133244,14",",00","1257826,42",",00","26355288,60","33294506,16",",00","1553841,90",",00","33209685,89","2880166,83","l"
"2020","AP","Água","Água","42044645,00","1314602,61",",00","18878,80",",00","3118692,34","2042024,68",",00","32787,60",",00",",00",",00","l"
"2020","BA","Água","Água","713913380,60","188918112,07",",00","4373754,80","468363,00","57844594,16","126163252,49",",00","3275125,75","284369,81","2495937455,97","70899629,16","l"
"2020","CE","Água","Água","594874748,98","56143703,24",",00","71818061,40",",00","97186250,94","50116170,80",",00","1164295,16",",00","69276696,44","79073245,07","l"
"2020","DF","Água","Água","54381560,85","16236111,48",",00","465357,28",",00","5940590,43","2757828,59",",00","122276,64",",00",",00",",00","l"
"2020","ES","Água","Água","67232362,57","21489394,52","126568,80","394069,40",",00","8319990,38","23179419,05","683556,10","598320,47",",00",",00",",00","l"
"2020","GO","Água","Água","178156405,29","89828117,90",",00","741668,80","16769940,00","36941965,46","116968731,99",",00","1540798,48","2854011,04","33054003,00","2010989,00","l"
"2020","MA","Água","Água","221056583,61","19373074,32",",00","567618,80",",00","22447896,54","21782005,63",",00","927597,36",",00","56516250,39","2970457,08","l"
"2020","MG","Água","Água","355330574,40","232887589,81","304079,40","2244021,44","5208750,00","52253396,64","227730655,56","735472,65","3006718,85","3285651,11","576843,92","89858,97","l"
"2020","MS","Água","Água","34950490,00","8684532,70",",00","340109,60","1031580,00","7661037,63","13033526,18",",00","474235,18","847415,31","17903046,01","495558,53","l"
"2020","MT","Água","Água","453956441,36","52496348,52",",00","2478248,56","1132,00","67500386,87","60469315,69",",00","2740890,09","56,60","14953141,60","2108974,56","l"
"2020","PA","Água","Água","251910531,07","26866559,53",",00","2953656,64",",00","20811240,21","19653600,85",",00","2026829,57",",00","564531000,00","2389182,11","l"
"2020","PB","Água","Água","250331853,00","44086690,58",",00","2609791,26",",00","19604775,27","92052503,61",",00","4060233,65",",00","144809949,00","168306810,20","l"
"2020","PE","Água","Água","1145810249,08","87614106,76","59054,00","970214,11",",00","100390832,13","65665613,35","70981,82","1063216,42",",00","639859015,98","59719362,53","l"
"2020","PI","Água","Água","24967180,01","450823,99",",00","87523,01",",00","2941490,75","432603,24",",00","144949,01",",00",",00",",00","l"
"2020","PR","Água","Água","154598668,99","104850841,32",",00","3810013,84",",00","39869490,58","112339187,09",",00","4936941,28",",00","42958059,49","3066051,87","l"
"2020","RJ","Água","Água","456113615,68","196747431,61",",00","4519961,79","338300,00","49977483,13","221027700,27",",00","6276727,63","10151,00",",00",",00","l"
"2020","RN","Água","Água","503010221,73","14649719,80","129034,00","1095119,00",",00","43938500,65","23976933,13","143370,88","546099,69",",00",",00",",00","l"
"2020","RO","Água","Água","157453087,64","13532562,12",",00","588114,20","1073957,00","45470015,78","20126993,69",",00","745129,84","2099080,63","1549518,00","820738,22","l"
"2020","RR","Água","Água","4165830,00","2916473,80",",00","31020,80",",00","996736,66","3463047,86",",00","17234,00",",00",",00",",00","l"
"2020","RS","Água","Água","178832988,20","144698302,84","39,30","1311223,00","11620,00","151497255,36","141195255,21","326,37","2340842,93","3260,86",",00",",00","l"
"2020","SC","Água","Água","266860113,20","94618665,66","154038,00","1183957,20","1474060,12","56135599,82","91931181,43","216620,18","1705547,61","624813,09","2697213,00","2607398,55","l"
"2020","SE","Água","Água","194129950,00","15697677,84",",00","1519052,40",",00","31085811,22","13442449,13",",00","1766016,44",",00","7143896,68","9836363,55","l"
"2020","SP","Água","Água","904998218,16","946907874,46","10990905,40","21988620,20","10808065,93","196715006,07","947091986,68","22738244,79","19237883,83","9678945,84","71041509,96","64117902,68","l"
"2020","TO","Água","Água","38382180,00","2880160,60",",00","269356,60",",00","3763585,54","2479604,18",",00","303106,90",",00",",00",",00","l"
"2021","AC","Água","Água","44121243,00","2341044,00",",00","69513,60",",00","12012790,96","1376175,92",",00","44204,00",",00",",00",",00","l"
"2021","AL","Água","Água","230865199,80","97516374,15",",00","448937,00",",00","15835229,80","141147301,23",",00","207044,83",",00",",00",",00","l"
"2021","AM","Água","Água","279658618,24","37692795,36",",00","1207677,53",",00","32696696,54","37941035,73",",00","1631768,94",",00","34290301,80","6251047,33","l"
"2021","AP","Água","Água","39856457,12","1195347,98",",00","48376,40",",00","3290630,45","1608676,85",",00","84526,41",",00",",00",",00","l"
"2021","BA","Água","Água","854845342,06","153693787,33",",00","5366931,22","622950,00","67022625,57","162401594,89",",00","4183576,17","498880,10","201471395,29","81388459,48","l"
"2021","CE","Água","Água","605662006,24","77165815,68",",00","1023191,33",",00","103367870,66","41857866,09",",00","1814113,83",",00","76445132,89","106240542,45","l"
"2021","DF","Água","Água","26503282,16","8061857,08",",00","449353,12",",00","6632218,81","9192410,03",",00","450712,62",",00",",00",",00","l"
"2021","ES","Água","Água","93556788,76","23016619,40","215805,60","683817,60",",00","10467253,89","29533739,49","1645712,24","1242829,16",",00",",00",",00","l"
"2021","GO","Água","Água","168908242,84","94562873,40",",00","939436,70","201345,00","40067094,56","104514665,07",",00","2049267,57","187086,45","33054003,00","2010989,00","l"
"2021","MA","Água","Água","230264202,00","14032384,12",",00","508416,00","30612,00","22210369,67","12043728,91",",00","911319,30","19395,75","22877000,00","4091729,50","l"
"2021","MG","Água","Água","398491460,58","267074588,75","272183,60","2894655,68","4659849,00","65331982,06","251678657,83","789685,55","4853678,92","2812221,32","618424,11","94532,73","l"
"2021","MS","Água","Água","36483168,00","10765693,04",",00","432226,40","1115459,00","8375874,73","17329426,69",",00","768917,87","1022812,52","15688977,22","445443,88","l"
"2021","MT","Água","Água","603831811,44","57809017,84","11691,00","3339108,05",",00","78523404,84","79952854,70","12360,62","4281788,64",",00",",00",",00","l"
"2021","PA","Água","Água","448359779,82","30144990,28",",00","1998722,10","443565,00","40532271,62","22145229,34",",00","1300203,44","127582,73","357210000,00","1616239,43","l"
"2021","PB","Água","Água","241856600,00","49591202,07",",00","3334134,20",",00","19353097,93","47971399,77",",00","3644983,44",",00","127102796,92","159427463,47","l"
"2021","PE","Água","Água","1158625938,99","87164109,57","70537,00","925730,64",",00","101014844,08","65117449,07","165319,40","1564191,78",",00","766277476,00","1042268,04","l"
"2021","PI","Água","Água","21326484,80","1688777,28",",00","60155,29",",00","2703511,63","1817013,85",",00","8595,84",",00",",00",",00","l"
"2021","PR","Água","Água","163083156,80","131171381,27",",00","4817462,81","1600000,00","43766561,85","143281537,80",",00","6350434,03","22400,00","50779714,91","4305829,62","l"
"2021","RJ","Água","Água","491251967,30","169043048,41",",00","5415333,00","498050,00","59918132,99","194300335,62",",00","8809843,71","14941,50",",00",",00","l"
"2021","RN","Água","Água","430547582,21","26824571,48","141218,00","1267980,54",",00","38256954,29","34688858,30","156910,24","1374405,84",",00",",00",",00","l"
"2021","RO","Água","Água","159551543,00","17988456,70",",00","637634,00",",00","30971988,40","23073657,26",",00","812142,15",",00","946113,00","1953205,10","l"
"2021","RR","Água","Água","4509260,00","4489108,98",",00","44121,40",",00","1187477,81","6516897,83",",00","43620,58",",00",",00",",00","l"
"2021","RS","Água","Água","160343588,05","204055780,29","565,49","2121061,81","1596570,00","69193159,28","278898632,04","4062,73","4886857,62","805393,10","69536177,08","1777682,03","l"
"2021","SC","Água","Água","270806499,80","113787544,29","311568,00","2068490,80","161485,92","59743539,11","119108366,16","422434,34","3431933,79","124179,66","236380096,44","5211751,83","l"
"2021","SE","Água","Água","219379083,32","19713363,11",",00","1589907,16",",00","31925898,16","17068677,54",",00","1905129,46",",00","7143896,68","9836363,55","l"
"2021","SP","Água","Água","2113846784,46","900726574,84","7684560,33","16784241,43","64297350,54","303066798,07","1006845635,35","25513671,30","27790501,75","23823545,63","21537296,24","23728174,07","l"
"2021","TO","Água","Água","25656760,00","3211202,00",",00","303970,65",",00","4476952,33","2736944,72",",00","366379,06",",00",",00",",00","l"
"2022","AC","Água","Água","51890781,00","2023108,00",",00","70800,00",",00","5955217,00","1096992,62",",00","40562,50",",00",",00",",00","l"
"2022","AL","Água","Água","327723601,00","144101408,29",",00","979022,84",",00","134290642,54","142232284,14",",00","567726,87",",00",",00",",00","l"
"2022","AM","Água","Água","287809171,60","46727937,95",",00","1739743,20",",00","41991910,77","48270521,35",",00","2203351,24",",00","58198873,00","30670946,26","l"
"2022","AP","Água","Água","40060255,52","1443146,56",",00","72726,18",",00","5153824,68","2947460,31",",00","154586,28",",00",",00",",00","l"
"2022","BA","Água","Água","756252007,57","204370908,72",",00","4094398,22","811480,00","65511119,10","193615886,57",",00","2595644,88","660459,84","217097005,56","98756188,34","l"
"2022","CE","Água","Água","568334905,74","63457878,25",",00","1231524,80",",00","114448377,20","88342790,19",",00","2756818,81",",00","69685924,14","123591279,93","l"
"2022","DF","Água","Água","20595259,34","2385430,46",",00","286563,74",",00","4872466,19","2270827,43",",00","213075,16",",00",",00",",00","l"
"2022","ES","Água","Água","90056008,99","27817414,33","332229,60","914908,86",",00","12247944,45","43114279,12","3008598,88","2166623,50",",00",",00",",00","l"
"2022","GO","Água","Água","178057228,00","94771370,16",",00","1502524,40","225600,00","44641941,93","92360455,22",",00","3005542,26","225545,00","70314465,50","1977973,25","l"
"2022","MA","Água","Água","1422619799,40","21594549,84",",00","785693,40",",00","26202059,08","27400296,51",",00","1838576,59",",00","27870785,57","4984906,92","l"
"2022","MG","Água","Água","423974194,45","267130805,34","514783,00","3869711,13","4230989,00","70694277,04","336542019,04","1599111,24","8227735,22","3033375,93","691707,13","103426,85","l"
"2022","MS","Água","Água","38737145,00","14117245,54",",00","889445,10","1346316,00","9960603,61","26045725,47",",00","1894739,80","1502441,52","13930824,32","579795,74","l"
"2022","MT","Água","Água","461621534,79","69896451,36",",00","4475255,29",",00","86276768,44","115106213,12",",00","7238876,70",",00",",00",",00","l"
"2022","PA","Água","Água","401801324,39","22772933,60",",00","1541912,02",",00","36310736,89","17510828,44",",00","1502636,76",",00","268528000,00","1423738,36","l"
"2022","PB","Água","Água","245824201,00","68902804,54",",00","4250320,76","7675,00","20692060,63","76913891,45",",00","5491541,44","5272,50","117967404,00","172940034,29","l"
"2022","PE","Água","Água","1228091723,84","75035267,15","112082,40","965955,17","105,00","110409435,44","64240135,79","467010,00","1813923,64","3100,00","540502000,00","868001,54","l"
"2022","PI","Água","Água","28756137,00","319671,00",",00","7795,20",",00","4091761,21","324883,75",",00","16240,00",",00",",00",",00","l"
"2022","PR","Água","Água","155939262,02","128198349,15",",00","5940302,66","4676000,00","47764799,60","173578911,77",",00","15684832,81","70140,00","52138282,64","4344912,01","l"
"2022","RJ","Água","Água","468459043,64","193121803,26",",00","9552796,17","9032757,00","72805912,43","231116945,20",",00","11789649,22","270082,71",",00",",00","l"
"2022","RN","Água","Água","431096422,78","34924704,20","148652,00","1646177,20",",00","42658199,73","45145553,42","165170,86","2106411,69",",00","300000,00","1500000,00","l"
"2022","RO","Água","Água","126301260,00","18234864,57",",00","639380,56",",00","29598421,19","26415223,87",",00","1179253,36",",00","671679,75","1850040,94","l"
"2022","RR","Água","Água","5705548,40","5077345,59",",00","53500,80",",00","1535158,86","6832567,67",",00","126707,00",",00",",00",",00","l"
"2022","RS","Água","Água","195153991,15","263141528,28","87,60","2713352,60",",00","82152903,02","390492928,70","1103,28","6456044,15",",00","79499877,97","4775087,61","l"
"2022","SC","Água","Água","307878910,25","138925057,64","396504,00","3006875,70","140445,10","76485288,48","168086797,75","602256,53","5544807,55","97473,07","248829000,00","2035559,00","l"
"2022","SE","Água","Água","229952721,00","30155571,84",",00","2941443,28","95057,00","32022000,73","32078772,00",",00","4169475,17","117753,70",",00",",00","l"
"2022","SP","Água","Água","2036557673,98","1313159813,54","10109999,73","22326348,45","7735449,05","355049740,39","1373704485,67","38675478,07","40588249,63","19269036,25","22117974,97","33261489,12","l"
"2022","TO","Água","Água","44868600,00","5154224,56",",00","682742,20",",00","6584913,92","4418101,69",",00","1051547,76",",00",",00",",00","l"
"2023","AC","Água","Água","38615027,00","2535733,00",",00","84259,20",",00","5027122,65","2253950,10",",00","78352,35",",00",",00",",00","l"
"2023","AL","Água","Água","303170209,00","104908329,94",",00","570738,20",",00","35858178,88","181358105,53",",00","870144,68",",00",",00",",00","l"
"2023","AM","Água","Água","285283860,00","53180762,21",",00","1215875,20",",00","36564072,94","53209627,40",",00","2003441,08",",00","55337674,80","8200403,91","l"
"2023","AP","Água","Água","51755710,96","1250913,83",",00","28950,20",",00","6899167,60","3498753,88",",00","158045,68",",00",",00",",00","l"
"2023","BA","Água","Água","900307806,00","311196065,80",",00","6212123,53","840250,00","71925409,37","314603247,22",",00","6960548,41","742310,43","119933625,52","111176472,92","l"
"2023","CE","Água","Água","616312196,09","64332907,05",",00","1321407,40",",00","133939722,53","103277113,41",",00","3087685,29",",00","73109236,39","131234453,44","l"
"2023","DF","Água","Água","52699055,68","24363614,87",",00","1012025,71","23395,00","6987862,49","32485687,69",",00","1542058,80","23395,00",",00",",00","l"
"2023","ES","Água","Água","146201050,00","35566135,22","379677,60","1118640,00","15993180,00","17412487,64","57409928,62","3297835,51","2652924,79","319863,60",",00",",00","l"
"2023","GO","Água","Água","140182000,60","108900992,38",",00","985747,50","159526,00","30725480,16","115186895,06",",00","1933614,29","156540,00","57508000,00","3061103,11","l"
"2023","MA","Água","Água","244340752,00","29852644,48",",00","839020,00",",00","26687848,24","41435966,53",",00","2242638,30",",00","9445837,92","5478586,00","l"
"2023","MG","Água","Água","490348845,21","233714569,32","651176,20","6024901,74","9061190,00","86432941,09","265608796,91","2372164,70","12037273,75","3046515,25","2891573,49","109741,13","l"
"2023","MS","Água","Água","44918839,00","21144427,74",",00","1762101,80","1616185,00","12115625,15","33774008,97",",00","4361284,23","1915179,81","16385143,03","646410,80","l"
"2023","MT","Água","Água","523202013,12","82651981,54",",00","4789965,27","180380,00","94635110,36","143340961,01",",00","8511264,88","188642,03",",00",",00","l"
"2023","PA","Água","Água","374940876,75","33630011,68",",00","3246614,00","679150,00","40925599,28","23283577,68",",00","2457277,69","197972,31","234200000,00","2873313,00","l"
"2023","PB","Água","Água","280107809,14","69718331,22",",00","3057768,26","7675,00","20741894,06","88284147,38",",00","4594924,15","5272,50","115028410,24","179743699,81","l"
"2023","PE","Água","Água","1183137535,14","99183776,24","163137,60","1274499,61",",00","149291208,94","80744021,96","240174,80","2121069,85",",00","253987000,00","927847,95","l"
"2023","PI","Água","Água","43631540,00","419579,57",",00",",00",",00","6317254,02","480129,19",",00",",00",",00",",00",",00","l"
"2023","PR","Água","Água","163299544,87","148478874,63",",00","6298940,44","176000,00","60187161,17","212866103,01",",00","12960313,02",",01","60614438,00","4248474,62","l"
"2023","RJ","Água","Água","554766208,20","252252242,54",",00","10122270,16","15018244,00","66905270,21","277114573,94",",00","10376147,10","632281,98",",00",",00","l"
"2023","RN","Água","Água","481563723,13","45101233,00","148163,00","1392968,00",",00","49391370,08","59468467,63","164625,80","2257711,67",",00",",00",",00","l"
"2023","RO","Água","Água","160261450,00","20803786,62",",00","600350,40",",00","37769098,58","35694093,10",",00","1449258,32",",00",",00",",00","l"
"2023","RR","Água","Água","5158373,00","21115999,76",",00","270348,00",",00","1423354,58","8636507,88",",00","215126,27",",00",",00",",00","l"
"2023","RS","Água","Água","227470953,39","335661284,46","216,00","3131755,20",",00","96486237,20","518906566,25","2685,12","7381821,52",",00","79486630,64","29410,04","l"
"2023","SC","Água","Água","365331518,23","164083638,82","451455,00","3596336,40","132610,00","92276403,63","212867865,21","816228,90","6998248,47","45229,86","276560000,00","2224228,90","l"
"2023","SE","Água","Água","296731069,00","32412434,40",",00","2958121,61","147375,36","186246196,30","36410366,98",",00","4520810,76","197351,09","8413566,27","2402712,16","l"
"2023","SP","Água","Água","2280906592,33","1252512307,96","12450667,78","20901420,15","56894819,19","433713853,32","1689757918,79","52752974,64","43941538,50","54867798,54","18998555,22","16566799,93","l"
"2023","TO","Água","Água","48153002,82","5773267,50",",00","530437,60",",00","45244483,12","5955505,37",",00","833280,00",",00",",00",",00","l"
"2024","AC","Água","Água","43604872,00","4742401,00",",00","56582,40",",00","6365637,33","2458553,67",",00","48320,00",",00",",00",",00","l"
"2024","AL","Água","Água","308359630,00","111864297,62",",00","470216,46",",00","28456609,04","193515962,31",",00","1015894,07",",00",",00",",00","l"
"2024","AM","Água","Água","295999622,48","68240689,85",",00","1649823,60",",00","41369093,96","66569274,51",",00","3148152,57",",00","42159030,05","7655545,50","l"
"2024","AP","Água","Água","79160358,47","1719750,18",",00","8365,77",",00","6059985,21","4073630,43",",00","123395,18",",00",",00",",00","l"
"2024","BA","Água","Água","896130010,80","319936155,49",",00","6618159,60","1033310,00","84700897,53","351857839,22",",00","8747511,23","932255,22","74038166,08","100243957,16","l"
"2024","CE","Água","Água","658365897,67","75004979,12",",00","1400525,57","132624,00","180976191,34","128094521,71",",00","3559299,46","169275,53","81294656,94","150515302,46","l"
"2024","DF","Água","Água","49481314,38","20036883,39",",00","1219365,66",",00","7082507,02","32043488,70",",00","2241978,02",",00","22443301,28","2223025,54","l"
"2024","ES","Água","Água","162621070,00","41878793,42","389538,00","1046123,00","31310820,00","22792445,57","73545288,34","3498468,78","2600593,84","626216,40",",00",",00","l"
"2024","GO","Água","Água","189944616,13","125019484,40",",00","1743929,40","62022,00","50650268,45","142814232,60",",00","3948493,64","326811,50","54990622,10","2864557,40","l"
"2024","MA","Água","Água","231862626,00","27662941,16",",00","967967,60",",00","27922976,57","37762345,92",",00","2515889,98",",00",",00",",00","l"
"2024","MG","Água","Água","606719986,45","233999380,78","9849171,79","4285872,20","5706047,40","106353925,70","353440635,35","5046128,21","10156510,92","6951610,38","5581319,75","847398,36","l"
"2024","MS","Água","Água","47270037,00","25626902,98",",00","1741124,80","1911765,00","14034106,91","47540452,07",",00","4533349,24","2293873,01","18650512,67","883805,64","l"
"2024","MT","Água","Água","501718898,29","86595651,21",",00","5292827,34",",00","110435237,88","164702782,52",",00","11303601,45",",00",",00",",00","l"
"2024","PA","Água","Água","372260713,28","47561572,35",",00","2296964,54",",00","40585874,58","48311484,61",",00","6635231,76",",00",",00",",00","l"
"2024","PB","Água","Água","287759439,78","61650420,64","76467,60","2642746,33","86496,72","23017655,73","71138673,45","144825,00","4310361,71","267978,83","120774681,00","191454032,79","l"
"2024","PE","Água","Água","1382842908,38","116002060,86","279498,60","2146150,51",",00","197425482,55","95759058,62","900108,61","3524555,44",",00","61643260,96","4931460,89","l"
"2024","PI","Água","Água","51805085,40","9606030,34",",00","397676,80","89120,00","12809106,53","23650175,03",",00","1705495,57","112954,56",",00",",00","l"
"2024","PR","Água","Água","189194712,40","193466626,40",",00","6649130,91",",00","58416747,24","282410563,31",",00","13327186,59",",00","98423115,20","10868278,38","l"
"2024","RJ","Água","Água","585386808,00","519976598,35",",00","14382071,20","12741544,00","75369238,39","183825841,54",",00","12691862,12","437776,78",",00",",00","l"
"2024","RN","Água","Água","519203776,71","62657223,21","160346,45","1511934,15",",00","50708542,84","88135998,60","178162,70","4312165,09",",00",",00",",00","l"
"2024","RO","Água","Água","193608582,00","24796321,41",",00","911006,40",",00","39374399,74","46358468,16",",00","2106153,88",",00",",00",",00","l"
"2024","RR","Água","Água","11834460,00","6047449,46",",00","263300,00",",00","3384245,26","10760095,74",",00","642377,34",",00",",00",",00","l"
"2024","RS","Água","Água","267079759,84","442741849,43","36,00","2853057,24","208076,40","117059691,89","649807082,27","480,00","5402855,35","1127305,67","5960224754,23","5909207,57","l"
"2024","SC","Água","Água","381638724,81","208666901,47","508860,00","4180350,40",",00","105546432,70","275166740,84","1004897,50","8818141,97",",00","244379000,00","2114110,70","l"
"2024","SE","Água","Água","333407930,00","42890101,72",",00","2908658,24","26760,00","58083296,07","47819157,10",",00","5028840,39","4549,20","9160727,61","2871522,88","l"
"2024","SP","Água","Água","2246673362,01","4081188221,77","23388192,61","22336769,32","22840812,88","441685974,70","2036071975,05","98963659,89","50716770,17","73555659,70","45949897,97","332085449,39","l"
"2024","TO","Água","Água","60347623,85","7824872,29",",00","790933,60","17975,89","10066020,80","9892822,43",",00","1348217,72","19563,00",",00",",00","l"
"2025","AC","Água","Água","46384419,00","5298175,00",",00","59520,00",",00","4799966,04","3500395,73",",00","37800,91",",00",",00",",00","l"
"2025","AL","Água","Água","451360320,00","123256798,83",",00","560761,20",",00","53413447,17","266797895,87",",00","1474469,14",",00",",00",",00","l"
"2025","AM","Água","Água","349339166,60","83654873,26",",00","2071549,20",",00","49304749,35","77977782,55",",00","4237045,39",",00","34343597,80","6520564,31","l"
"2025","AP","Água","Água","64243938,99","6726967,20",",00","39081,60",",00","11854970,69","7147698,21",",00","125242,71",",00",",00",",00","l"
"2025","BA","Água","Água","805103574,00","301854787,95",",00","5779364,61","1109600,00","87860500,11","393892937,80",",00","8495826,37","721828,61","19615486,50","98237538,86","l"
"2025","CE","Água","Água","656406103,84","64097822,84",",00","1267574,40","283291,00","164531276,59","114678864,69",",00","3249422,89","396725,71","61774101,74","126918984,90","l"
"2025","DF","Água","Água","55475395,63","16580025,36",",00","1016670,52",",00","7386632,61","13664530,98",",00","1340887,78",",00",",00",",00","l"
"2025","ES","Água","Água","153638887,16","44462762,96","275894,40","1103039,00","28712840,00","25530158,79","84949580,28","2610902,07","3016039,70","610205,80",",00",",00","l"
"2025","GO","Água","Água","157890842,22","128865363,78",",00","1710924,20","229495,00","50493484,30","229966002,75",",00","4159284,85","280901,50","19801278,63","4743333,93","l"
"2025","MA","Água","Água","231385025,20","24231237,64",",00","667449,60",",00","29740379,89","36014336,14",",00","1884300,46",",00",",00",",00","l"
"2025","MG","Água","Água","731289505,47","303432397,16","9927685,90","4703078,36","4338250,00","129843576,79","377840335,36","5809168,41","8921608,86","3246302,31","1176308,57","179053,17","l"
"2025","MS","Água","Água","41247415,00","27246856,60",",00","1536379,20","1946910,00","12973014,66","49227533,49",",00","4082581,88","2287940,61","19731361,14","1062198,67","l"
"2025","MT","Água","Água","475058128,62","94189462,21",",00","5264915,06",",00","118270537,96","193856644,32",",00","11431274,45",",00",",00",",00","l"
"2025","PA","Água","Água","410997538,32","39719933,21","2055620,26","2622682,20","27243849,20","60245482,88","38139060,37","1001788,06","27754011,70","1001788,06","228945840,00","50050,57","l"
"2025","PB","Água","Água","194033066,70","62396215,87","5214,00","1445059,60","37637,10","21781399,64","97658113,00","9875,00","3372049,99","110099,89","106819586,28","191562841,24","l"
"2025","PE","Água","Água","1363139750,28","121104151,94","357820,50","2179969,98",",00","197190229,29","120427932,71","1036277,64","4925580,38",",00","55683100,40","4454647,70","l"
"2025","PI","Água","Água","66006759,13","26198644,43",",00","793486,00","143620,00","16076330,82","30014438,93",",00","1877044,63","157982,00",",00",",00","l"
"2025","PR","Água","Água","180163425,68","218924185,88",",00","6641392,43","431409,60","60836645,97","327811369,86",",00","13892573,18","2645218,69","120827238,40","10200720,94","l"
"2025","RJ","Água","Água","527429026,52","282178045,58",",00","5277097,49","13656000,00","78561953,99","318060328,11",",00","14549393,86","630200,00",",00",",00","l"
"2025","RN","Água","Água","464487477,12","62763588,35","36026679,19","1848037,83","26299,60","44249609,21","86678033,85","3332016,51","4224665,08","45738,46",",00",",00","l"
"2025","RO","Água","Água","194418159,00","27342618,89",",00","984604,80",",00","39385660,67","56420147,15",",00","2279239,61",",00",",00",",00","l"
"2025","RR","Água","Água","8257249,80","5552591,82",",00","120181,00",",00","4560522,72","11111828,74",",00","352679,97",",00",",00",",00","l"
"2025","RS","Água","Água","223672306,00","560104918,24",",00","2904850,20","492966,60","68940123,09","789239311,18",",00","7182344,18","2090009,74",",00",",00","l"
"2025","SC","Água","Água","388307785,80","228455662,19","532888,34","4096643,29","6563,35","116232453,03","308253988,95","1192697,65","9070700,08","39682,33","237599823,00","2348459,76","l"
"2025","SE","Água","Água","312385331,00","54645953,71",",00","2707733,74","9290,00","55884178,09","55592935,12",",00","4969018,01","1579,30","20950,96","47600,83","l"
"2025","SP","Água","Água","1962754574,12","1367382208,74","10593344,06","29105210,61","24242794,42","450032005,98","1651577014,25","46766153,68","40099577,37","64450684,78","44510570,91","312707317,42","l"
"2025","TO","Água","Água","61379080,00","9793502,21",",00","740370,20","149871,95","11168085,89","13597562,71",",00","1368443,62","443504,21","493634,30","1752625,41","l"
